chrY_hg38	chrY_hg19	anc_ref	der_alt	mut_class	dp_q25	fwd	rev	pct_mq0	n_mq60	n_reads	verdict	CGG017683_b37
6770118	6638159	G	A	transition	4	1	3	69%	3	13	REJECT_mapq(69%_MQ0)	not_tested
7885869	7753910	T	A	TRANSVERSION	9	5	4	0%	10	10	usable	no_coverage
7899558	7767599	A	G	transition	9	5	4	0%	9	9	usable	A(ancestral)
8808031	8676072	C	T	transition	6	4	2	14%	5	7	usable	no_coverage
10609981	13120495	A	T	TRANSVERSION	7	4	3	39%	0	23	REJECT_mapq(39%_MQ0)	not_tested
10768171	.	G	A	transition	4	1	3	12%	2	8	usable	no_coverage
10964462	.	T	C	transition	9	3	6	0%	3	14	usable	no_coverage
10990649	.	G	A	transition	18	10	8	0%	0	25	MARGINAL_no_MQ60_reads	no_coverage
10996925	.	C	A	TRANSVERSION	5	2	3	0%	0	9	MARGINAL_no_MQ60_reads	no_coverage
11176570	13332246	G	C	TRANSVERSION	9	5	4	70%	0	44	REJECT_mapq(70%_MQ0)	not_tested
11401880	13557556	A	G	transition	8	4	4	44%	0	16	REJECT_mapq(44%_MQ0)	not_tested
11401881	13557557	C	T	transition	8	4	4	44%	0	16	REJECT_mapq(44%_MQ0)	not_tested
11414525	13570201	T	C	transition	12	5	7	7%	1	14	usable	t(ancestral)
11546030	13701706	G	C	TRANSVERSION	4	2	2	83%	0	60	REJECT_mapq(83%_MQ0)	not_tested
11554430	13710106	G	A	transition	12	7	5	84%	1	241	REJECT_mapq(84%_MQ0)	not_tested
11578588	13734264	G	T	TRANSVERSION	9	3	6	78%	0	49	REJECT_mapq(78%_MQ0)	not_tested
11667647	.	T	C	transition	9	2	7	0%	8	9	usable	no_coverage
13414189	15526069	C	G	TRANSVERSION	5	0	5	0%	5	5	MARGINAL_single_strand	no_coverage
19647870	21809756	C	T	transition	5	3	2	0%	5	5	usable	C(ancestral)
20327833	22489719	G	T	TRANSVERSION	5	5	0	44%	4	9	REJECT_mapq(44%_MQ0)	not_tested
26660745	28806892	G	T	TRANSVERSION	7	5	2	88%	4	67	REJECT_mapq(88%_MQ0)	not_tested
