block	marker	chrom	pos	anc>der	mutation_class	depth	anc_reads	der_reads	other_reads	call	isogg	yfull_node
project_terminals	BY106602	chrY	14166263	G>T	transversion	12	12	0	0	ancestral	G	not
project_terminals	BY110600	chrY	14742185	T>C	transition	3	3	0	0	ancestral	G	G-Y97527
project_terminals	BY111300	chrY	14832599	G>C	transversion	12	12	0	0	ancestral	G	G-Y140820
project_terminals	BY123198	chrY	16584839	G>A	transition(deamination-prone)	10	10	0	0	ancestral	G	G-BY123198
project_terminals	BY124919	chrY	16824623	T>C	transition	9	9	0	0	ancestral	G	G-Y53493
project_terminals	BY133179	chrY	19311364	C>G	transversion	4	4	0	0	ancestral	G	G-BY133179
project_terminals	BY157920	chrY	14273656	A>G	transition	7	7	0	0	ancestral	G	G-Y171885
project_terminals	BY180600	chrY	14837599	T>C	transition	6	6	0	0	ancestral	G	not
project_terminals	BY187064	chrY	12190166	A>G	transition	7	7	0	0	ancestral	G	not
project_terminals	BY195857	chrY	19248516	A>T	transversion	5	5	0	0	ancestral	G	not
project_terminals	BY197092	chrY	8598378	A>G	transition	11	11	0	0	ancestral	G	G-BY55
project_terminals	BY202787	chrY	8601274	G>A	transition(deamination-prone)	16	16	0	0	ancestral	G	not
project_terminals	BY220097	chrY	20296438	A>T	transversion	17	17	0	0	ancestral	G	not
project_terminals	BY45266	chrY	6998853	A>T	transversion	3	3	0	0	ancestral	G	not
project_terminals	BY54644	chrY	12332222	C>T	transition(deamination-prone)	4	4	0	0	ancestral	G	not
project_terminals	BY66658	chrY	7797337	A>G	transition	13	13	0	0	ancestral	G	not
project_terminals	BY67193	chrY	7865391	T>A	transversion	8	8	0	0	ancestral	G	G-Y154380
project_terminals	BY73415	chrY	8628957	T>C	transition	10	10	0	0	ancestral	G	G-Y256820
