sample	block	marker	chrom	pos	anc>der	mutation_class	depth	anc_reads	der_reads	other_reads	call	n_reads	pct_mq0	mq_top	n_mq_top	site_qc	region	isogg	yfull_node
MX182	backbone_control	P15	chrY	21082140	C>T	transition(deamination-prone)	1	0	1	0	nocall_damage_prone_1read	1	0%	37	1	pass	ok	G2a	G-P15&R-Y236267&R-BY49854&R-BY12063
MX182	backbone_control	M3308	chrY	13503460	C>G	transversion	0	0	0	0	no_coverage	0	NA	37	0	nocall_noreads	ok	G2a2	G-L1259
MX182	backbone_control	PF3147	chrY	7870028	G>A	transition(deamination-prone)	0	0	0	0	no_coverage	0	NA	37	0	nocall_noreads	ok	G2a2a	G-PF3147
MX182	backbone_control	PF3148	chrY	7948451	G>A	transition(deamination-prone)	0	0	0	0	no_coverage	0	NA	37	0	nocall_noreads	ok	G2a2a1	G-PF3148
MX182	backbone_control	PF3177	chrY	19165312	C>T	transition(deamination-prone)	0	0	0	0	no_coverage	0	NA	37	0	nocall_noreads	ok	G2a2a1a	G-PF3177
MX182	backbone_control	L91	chrY	19483669	G>C	transversion	3	0	3	0	DERIVED	3	0%	37	3	pass	ok	G2a2a1a2	G-L91
MX182	backbone_control	Z6488	chrY	22225244	T>C	transition	0	0	0	0	no_coverage	0	NA	37	0	nocall_noreads	ok	G2a2a1a2a	G-Z6484
MX182	backbone_control	PF3239	chrY	15205748	C>T	transition(deamination-prone)	0	0	0	0	no_coverage	0	NA	37	0	nocall_noreads	ok	G2a2a1a2a1	G-PF3239
MX182	backbone_control	Z6043	chrY	12504169	A>C	transversion	1	0	1	0	DERIVED_1read_transversion	1	0%	37	1	pass	ok	G2a2a1b1	G-PF3239
MX182	backbone_control	P287	chrY	19910211	G>T	transversion	0	0	0	0	no_coverage	0	NA	37	0	nocall_noreads	ok	G2	G-P287
MX187	backbone_control	P15	chrY	21082140	C>T	transition(deamination-prone)	0	0	0	0	no_coverage	0	NA	37	0	nocall_noreads	ok	G2a	G-P15&R-Y236267&R-BY49854&R-BY12063
MX187	backbone_control	M3308	chrY	13503460	C>G	transversion	0	0	0	0	no_coverage	0	NA	37	0	nocall_noreads	ok	G2a2	G-L1259
MX187	backbone_control	PF3147	chrY	7870028	G>A	transition(deamination-prone)	0	0	0	0	no_coverage	0	NA	37	0	nocall_noreads	ok	G2a2a	G-PF3147
MX187	backbone_control	PF3148	chrY	7948451	G>A	transition(deamination-prone)	0	0	0	0	no_coverage	0	NA	37	0	nocall_noreads	ok	G2a2a1	G-PF3148
MX187	backbone_control	PF3177	chrY	19165312	C>T	transition(deamination-prone)	0	0	0	0	no_coverage	0	NA	37	0	nocall_noreads	ok	G2a2a1a	G-PF3177
MX187	backbone_control	L91	chrY	19483669	G>C	transversion	2	0	2	0	DERIVED	2	0%	37	2	pass	ok	G2a2a1a2	G-L91
MX187	backbone_control	Z6488	chrY	22225244	T>C	transition	0	0	0	0	no_coverage	0	NA	37	0	nocall_noreads	ok	G2a2a1a2a	G-Z6484
MX187	backbone_control	PF3239	chrY	15205748	C>T	transition(deamination-prone)	1	0	1	0	nocall_damage_prone_1read	1	0%	37	1	pass	ok	G2a2a1a2a1	G-PF3239
MX187	backbone_control	Z6043	chrY	12504169	A>C	transversion	0	0	0	0	no_coverage	0	NA	37	0	nocall_noreads	ok	G2a2a1b1	G-PF3239
MX187	backbone_control	P287	chrY	19910211	G>T	transversion	2	0	2	0	DERIVED	2	0%	37	2	pass	ok	G2	G-P287
MX209	backbone_control	P15	chrY	21082140	C>T	transition(deamination-prone)	1	0	1	0	nocall_damage_prone_1read	1	0%	37	1	pass	ok	G2a	G-P15&R-Y236267&R-BY49854&R-BY12063
MX209	backbone_control	M3308	chrY	13503460	C>G	transversion	0	0	0	0	no_coverage	0	NA	37	0	nocall_noreads	ok	G2a2	G-L1259
MX209	backbone_control	PF3147	chrY	7870028	G>A	transition(deamination-prone)	0	0	0	0	no_coverage	0	NA	37	0	nocall_noreads	ok	G2a2a	G-PF3147
MX209	backbone_control	PF3148	chrY	7948451	G>A	transition(deamination-prone)	0	0	0	0	no_coverage	0	NA	37	0	nocall_noreads	ok	G2a2a1	G-PF3148
MX209	backbone_control	PF3177	chrY	19165312	C>T	transition(deamination-prone)	0	0	0	0	no_coverage	0	NA	37	0	nocall_noreads	ok	G2a2a1a	G-PF3177
MX209	backbone_control	L91	chrY	19483669	G>C	transversion	0	0	0	0	no_coverage	0	NA	37	0	nocall_noreads	ok	G2a2a1a2	G-L91
MX209	backbone_control	Z6488	chrY	22225244	T>C	transition	0	0	0	0	no_coverage	0	NA	37	0	nocall_noreads	ok	G2a2a1a2a	G-Z6484
MX209	backbone_control	PF3239	chrY	15205748	C>T	transition(deamination-prone)	0	0	0	0	no_coverage	0	NA	37	0	nocall_noreads	ok	G2a2a1a2a1	G-PF3239
MX209	backbone_control	Z6043	chrY	12504169	A>C	transversion	2	0	1	1	DERIVED_1read_transversion	2	0%	37	2	pass	ok	G2a2a1b1	G-PF3239
MX209	backbone_control	P287	chrY	19910211	G>T	transversion	0	0	0	0	no_coverage	0	NA	37	0	nocall_noreads	ok	G2	G-P287
MX210	backbone_control	P15	chrY	21082140	C>T	transition(deamination-prone)	2	0	2	0	DERIVED	2	0%	37	2	pass	ok	G2a	G-P15&R-Y236267&R-BY49854&R-BY12063
MX210	backbone_control	M3308	chrY	13503460	C>G	transversion	1	0	1	0	DERIVED_1read_transversion	1	0%	37	1	pass	ok	G2a2	G-L1259
MX210	backbone_control	PF3147	chrY	7870028	G>A	transition(deamination-prone)	1	0	1	0	nocall_damage_prone_1read	1	0%	37	1	pass	ok	G2a2a	G-PF3147
MX210	backbone_control	PF3148	chrY	7948451	G>A	transition(deamination-prone)	0	0	0	0	no_coverage	0	NA	37	0	nocall_noreads	ok	G2a2a1	G-PF3148
MX210	backbone_control	PF3177	chrY	19165312	C>T	transition(deamination-prone)	0	0	0	0	no_coverage	0	NA	37	0	nocall_noreads	ok	G2a2a1a	G-PF3177
MX210	backbone_control	L91	chrY	19483669	G>C	transversion	1	0	1	0	DERIVED_1read_transversion	1	0%	37	1	pass	ok	G2a2a1a2	G-L91
MX210	backbone_control	Z6488	chrY	22225244	T>C	transition	0	0	0	0	no_coverage	0	NA	37	0	nocall_noreads	ok	G2a2a1a2a	G-Z6484
MX210	backbone_control	PF3239	chrY	15205748	C>T	transition(deamination-prone)	0	0	0	0	no_coverage	0	NA	37	0	nocall_noreads	ok	G2a2a1a2a1	G-PF3239
MX210	backbone_control	Z6043	chrY	12504169	A>C	transversion	2	0	2	0	DERIVED	2	0%	37	2	pass	ok	G2a2a1b1	G-PF3239
MX210	backbone_control	P287	chrY	19910211	G>T	transversion	0	0	0	0	no_coverage	0	NA	37	0	nocall_noreads	ok	G2	G-P287
MX211	backbone_control	P15	chrY	21082140	C>T	transition(deamination-prone)	3	0	3	0	DERIVED	3	0%	37	3	pass	ok	G2a	G-P15&R-Y236267&R-BY49854&R-BY12063
MX211	backbone_control	M3308	chrY	13503460	C>G	transversion	1	0	1	0	DERIVED_1read_transversion	1	0%	37	1	pass	ok	G2a2	G-L1259
MX211	backbone_control	PF3147	chrY	7870028	G>A	transition(deamination-prone)	0	0	0	0	no_coverage	0	NA	37	0	nocall_noreads	ok	G2a2a	G-PF3147
MX211	backbone_control	PF3148	chrY	7948451	G>A	transition(deamination-prone)	0	0	0	0	no_coverage	0	NA	37	0	nocall_noreads	ok	G2a2a1	G-PF3148
MX211	backbone_control	PF3177	chrY	19165312	C>T	transition(deamination-prone)	0	0	0	0	no_coverage	0	NA	37	0	nocall_noreads	ok	G2a2a1a	G-PF3177
MX211	backbone_control	L91	chrY	19483669	G>C	transversion	1	0	1	0	DERIVED_1read_transversion	1	0%	37	1	pass	ok	G2a2a1a2	G-L91
MX211	backbone_control	Z6488	chrY	22225244	T>C	transition	0	0	0	0	no_coverage	0	NA	37	0	nocall_noreads	ok	G2a2a1a2a	G-Z6484
MX211	backbone_control	PF3239	chrY	15205748	C>T	transition(deamination-prone)	0	0	0	0	no_coverage	0	NA	37	0	nocall_noreads	ok	G2a2a1a2a1	G-PF3239
MX211	backbone_control	Z6043	chrY	12504169	A>C	transversion	0	0	0	0	no_coverage	0	NA	37	0	nocall_noreads	ok	G2a2a1b1	G-PF3239
MX211	backbone_control	P287	chrY	19910211	G>T	transversion	0	0	0	0	no_coverage	0	NA	37	0	nocall_noreads	ok	G2	G-P287
MX212	backbone_control	P15	chrY	21082140	C>T	transition(deamination-prone)	1	0	1	0	nocall_damage_prone_1read	1	0%	37	1	pass	ok	G2a	G-P15&R-Y236267&R-BY49854&R-BY12063
MX212	backbone_control	M3308	chrY	13503460	C>G	transversion	1	0	1	0	DERIVED_1read_transversion	1	0%	37	1	pass	ok	G2a2	G-L1259
MX212	backbone_control	PF3147	chrY	7870028	G>A	transition(deamination-prone)	1	0	1	0	nocall_damage_prone_1read	1	0%	37	1	pass	ok	G2a2a	G-PF3147
MX212	backbone_control	PF3148	chrY	7948451	G>A	transition(deamination-prone)	0	0	0	0	no_coverage	0	NA	37	0	nocall_noreads	ok	G2a2a1	G-PF3148
MX212	backbone_control	PF3177	chrY	19165312	C>T	transition(deamination-prone)	0	0	0	0	no_coverage	0	NA	37	0	nocall_noreads	ok	G2a2a1a	G-PF3177
MX212	backbone_control	L91	chrY	19483669	G>C	transversion	2	0	1	1	DERIVED_1read_transversion	2	0%	37	2	pass	ok	G2a2a1a2	G-L91
MX212	backbone_control	Z6488	chrY	22225244	T>C	transition	0	0	0	0	no_coverage	0	NA	37	0	nocall_noreads	ok	G2a2a1a2a	G-Z6484
MX212	backbone_control	PF3239	chrY	15205748	C>T	transition(deamination-prone)	1	0	1	0	nocall_damage_prone_1read	1	0%	37	1	pass	ok	G2a2a1a2a1	G-PF3239
MX212	backbone_control	Z6043	chrY	12504169	A>C	transversion	0	0	0	0	no_coverage	0	NA	37	0	nocall_noreads	ok	G2a2a1b1	G-PF3239
MX212	backbone_control	P287	chrY	19910211	G>T	transversion	0	0	0	0	no_coverage	0	NA	37	0	nocall_noreads	ok	G2	G-P287
MX213	backbone_control	P15	chrY	21082140	C>T	transition(deamination-prone)	1	0	1	0	nocall_damage_prone_1read	1	0%	37	1	pass	ok	G2a	G-P15&R-Y236267&R-BY49854&R-BY12063
MX213	backbone_control	M3308	chrY	13503460	C>G	transversion	1	0	1	0	DERIVED_1read_transversion	1	0%	37	1	pass	ok	G2a2	G-L1259
MX213	backbone_control	PF3147	chrY	7870028	G>A	transition(deamination-prone)	0	0	0	0	no_coverage	0	NA	37	0	nocall_noreads	ok	G2a2a	G-PF3147
MX213	backbone_control	PF3148	chrY	7948451	G>A	transition(deamination-prone)	0	0	0	0	no_coverage	0	NA	37	0	nocall_noreads	ok	G2a2a1	G-PF3148
MX213	backbone_control	PF3177	chrY	19165312	C>T	transition(deamination-prone)	0	0	0	0	no_coverage	0	NA	37	0	nocall_noreads	ok	G2a2a1a	G-PF3177
MX213	backbone_control	L91	chrY	19483669	G>C	transversion	3	0	3	0	DERIVED	3	0%	37	3	pass	ok	G2a2a1a2	G-L91
MX213	backbone_control	Z6488	chrY	22225244	T>C	transition	0	0	0	0	no_coverage	0	NA	37	0	nocall_noreads	ok	G2a2a1a2a	G-Z6484
MX213	backbone_control	PF3239	chrY	15205748	C>T	transition(deamination-prone)	0	0	0	0	no_coverage	0	NA	37	0	nocall_noreads	ok	G2a2a1a2a1	G-PF3239
MX213	backbone_control	Z6043	chrY	12504169	A>C	transversion	1	0	1	0	DERIVED_1read_transversion	1	0%	37	1	pass	ok	G2a2a1b1	G-PF3239
MX213	backbone_control	P287	chrY	19910211	G>T	transversion	1	0	1	0	DERIVED_1read_transversion	1	0%	37	1	pass	ok	G2	G-P287
SX10	backbone_control	P15	chrY	21082140	C>T	transition(deamination-prone)	0	0	0	0	no_coverage	0	NA	37	0	nocall_noreads	ok	G2a	G-P15&R-Y236267&R-BY49854&R-BY12063
SX10	backbone_control	M3308	chrY	13503460	C>G	transversion	0	0	0	0	no_coverage	0	NA	37	0	nocall_noreads	ok	G2a2	G-L1259
SX10	backbone_control	PF3147	chrY	7870028	G>A	transition(deamination-prone)	0	0	0	0	no_coverage	0	NA	37	0	nocall_noreads	ok	G2a2a	G-PF3147
SX10	backbone_control	PF3148	chrY	7948451	G>A	transition(deamination-prone)	0	0	0	0	no_coverage	0	NA	37	0	nocall_noreads	ok	G2a2a1	G-PF3148
SX10	backbone_control	PF3177	chrY	19165312	C>T	transition(deamination-prone)	0	0	0	0	no_coverage	0	NA	37	0	nocall_noreads	ok	G2a2a1a	G-PF3177
SX10	backbone_control	L91	chrY	19483669	G>C	transversion	1	0	1	0	DERIVED_1read_transversion	1	0%	37	1	pass	ok	G2a2a1a2	G-L91
SX10	backbone_control	Z6488	chrY	22225244	T>C	transition	0	0	0	0	no_coverage	0	NA	37	0	nocall_noreads	ok	G2a2a1a2a	G-Z6484
SX10	backbone_control	PF3239	chrY	15205748	C>T	transition(deamination-prone)	0	0	0	0	no_coverage	0	NA	37	0	nocall_noreads	ok	G2a2a1a2a1	G-PF3239
SX10	backbone_control	Z6043	chrY	12504169	A>C	transversion	1	0	1	0	DERIVED_1read_transversion	1	0%	37	1	pass	ok	G2a2a1b1	G-PF3239
SX10	backbone_control	P287	chrY	19910211	G>T	transversion	0	0	0	0	no_coverage	0	NA	37	0	nocall_noreads	ok	G2	G-P287
SX8	backbone_control	P15	chrY	21082140	C>T	transition(deamination-prone)	0	0	0	0	no_coverage	0	NA	37	0	nocall_noreads	ok	G2a	G-P15&R-Y236267&R-BY49854&R-BY12063
SX8	backbone_control	M3308	chrY	13503460	C>G	transversion	0	0	0	0	no_coverage	0	NA	37	0	nocall_noreads	ok	G2a2	G-L1259
SX8	backbone_control	PF3147	chrY	7870028	G>A	transition(deamination-prone)	0	0	0	0	no_coverage	0	NA	37	0	nocall_noreads	ok	G2a2a	G-PF3147
SX8	backbone_control	PF3148	chrY	7948451	G>A	transition(deamination-prone)	0	0	0	0	no_coverage	0	NA	37	0	nocall_noreads	ok	G2a2a1	G-PF3148
SX8	backbone_control	PF3177	chrY	19165312	C>T	transition(deamination-prone)	0	0	0	0	no_coverage	0	NA	37	0	nocall_noreads	ok	G2a2a1a	G-PF3177
SX8	backbone_control	L91	chrY	19483669	G>C	transversion	0	0	0	0	no_coverage	0	NA	37	0	nocall_noreads	ok	G2a2a1a2	G-L91
SX8	backbone_control	Z6488	chrY	22225244	T>C	transition	0	0	0	0	no_coverage	0	NA	37	0	nocall_noreads	ok	G2a2a1a2a	G-Z6484
SX8	backbone_control	PF3239	chrY	15205748	C>T	transition(deamination-prone)	0	0	0	0	no_coverage	0	NA	37	0	nocall_noreads	ok	G2a2a1a2a1	G-PF3239
SX8	backbone_control	Z6043	chrY	12504169	A>C	transversion	0	0	0	0	no_coverage	0	NA	37	0	nocall_noreads	ok	G2a2a1b1	G-PF3239
SX8	backbone_control	P287	chrY	19910211	G>T	transversion	0	0	0	0	no_coverage	0	NA	37	0	nocall_noreads	ok	G2	G-P287
