sample	depth	node	parent	status	call	def_derived	def_derived_transversion	def_ancestral	def_nocall	eq_derived	eq_ancestral	eq_nocall	on_path	terminal	def_weak_ancestral	def_weak_derived	caveats	evidence
I14677	0	G-P287	-	published	DERIVED	1	1	0	0	0	0	0	yes	no	0	0	single_marker	Published backbone. Derived in every G2a cohort tested here.
I14677	1	G-P15	G-P287	published	NOCALL	0	0	0	1	0	0	0	yes	no	0	0	-	Published backbone.
I14677	2	G-M3308	G-P15	published	DERIVED	1	1	0	0	0	0	0	yes	no	0	0	single_marker	Published backbone.
I14677	3	G-PF3147	G-M3308	published	NOCALL	0	0	0	1	0	0	0	yes	no	0	0	-	Published backbone.
I14677	4	G-PF3148	G-PF3147	published	NOCALL	0	0	0	1	0	0	0	yes	no	0	1	-	Published backbone.
I14677	5	G-PF3177	G-PF3148	published	NOCALL	0	0	0	1	0	0	0	yes	no	0	0	-	Published backbone.
I14677	6	G-L91	G-PF3177	published	DERIVED	1	1	0	0	0	0	0	yes	no	0	0	single_marker	Published backbone. Transversion, so damage-immune; Family A pool 12 of 13 reads derived.
I14677	7	G-Z6488	G-L91	published	NOCALL	0	0	0	1	0	0	0	yes	no	0	0	-	Published backbone.
I14677	8	G-PF3239	G-Z6488	published	DERIVED	1	0	0	0	1	0	0	yes	yes	0	0	single_marker	Deepest node the three Sardinians (I14677, I14678, I15942) reach: their own SNP-positive fields stop here and they are ancestral at L166 on 21 reads. FTDNA G-PF3239 block walk resolved 22 of 24 names derived in the Iceman.
I14677	9	G-Z6219	G-PF3239	provisional	ANCESTRAL	0	0	1	1	0	1	1	no	no	1	0	-	Splits the YFull L166 block upward. 25 derived reads at Z6219 and zero ancestral across Oberbipp (10) plus Aesch and Muttenz (15), in the same men who are ancestral at L166 on 59 reads (14 Oberbipp, 45 Aesch/Muttenz) with zero derived; Iceman and I5118 derived at both Z6219 and L166. FGC5671 co-segregates (Iceman 7/0, Sardinians ancestral). Z6219 is C>T, so the derived direction is damage-exposed and was cleared per-read; the ancestral L166/L167 calls are transversions and cannot be damage. Registered in PREREG_Z6219_node.md, confirmed by Test C at a second and third site. The Z6135/Z6209 equivalents are a post-hoc scan result, unregistered, and carry no weight.
I14677	10	G-L166	G-Z6219	published	ANCESTRAL	0	0	2	0	0	3	11	no	no	0	0	-	Terminal placement of the Iceman. He and I5118 (Hungary, 3300-3000 BCE) are derived at both transversions; Oberbipp, Aesch and Muttenz are ancestral at both. The node itself is published and uncontested -- what is new is its parent and its children. Equivalents are YFull block members no sample here orders against L166: Z6134 is bracketed (ancestral in Aesch, derived in the Iceman) so it arose somewhere between Z6219 and L166, and the rest are untested or uncovered. L166, L167, Z6208 and Z1370 are allele-biased for mappability, so derived counts at them are lower bounds.
I14677	11	G-Z6208	G-L166	refuted	NOCALL	0	0	0	1	0	0	0	no	no	0	0	-	The published Iceman label G2a2a1a2a1a1b (G-Z6208*) treats Z6208 as a node below L166. It is not one: YBrowse/YFull give yfull_node=G-L166, ISOGG's own longhand carries the provisional tilde (G2a2a1a2a1a1b~), and no ancient sample orders it -- zero reads across all 15 Oberbipp and all 15 Aesch/Muttenz libraries. The Iceman is derived at Z6208 (DP 9) and that is all the marker says; a derived SNP was read as a terminal placement, one node too deep.
I14677	11	G-Z6494	G-L166	published	NOCALL	0	0	0	3	0	0	0	no	no	0	0	-	Sibling branch below L166. The Iceman is ancestral at all three (Z6494 DP 10), so his line is not on it. Kept as the exclusion control; see markers/Z6494_exclusion.txt.
I14677	12	G-Z6211	G-Z6494	published	NOCALL	0	0	0	0	0	0	0	no	no	0	0	-	One node further down the sibling branch (yfull_node=G-Z6211 for all three in resources/marker_index.tsv.gz). The Iceman is ancestral at all three, which follows from his being ancestral at G-Z6494 and adds nothing; it is here so those markers resolve rather than being reported as unknown.
I14677	11	G-Z6499	G-L166	provisional	NOCALL	0	0	0	1	0	0	0	no	no	1	0	-	Splits the L166 block downward, onto the branch leading to the modern testers the block was built from. Iceman ancestral 10 of 10 at a C>T site, so an ancestral C cannot be deamination; NM=0 on every read, MAPQ 55-60, 0% MQ0, mappability 1.000 at both alleles at 60 and 100 bp with six of the ten reads in that stratum. MX213 and I14677 contribute 1 ancestral read each. Below-versus-parallel rests on parsimony alone: no sample derived at Z6499 and ancestral at L166 has been sought, and its relation to G-Z6494 is unresolved.
I14678	0	G-P287	-	published	DERIVED	1	1	0	0	0	0	0	yes	no	0	0	single_marker	Published backbone. Derived in every G2a cohort tested here.
I14678	1	G-P15	G-P287	published	DERIVED	1	0	0	0	0	0	0	yes	no	0	0	single_marker	Published backbone.
I14678	2	G-M3308	G-P15	published	DERIVED	1	1	0	0	0	0	0	yes	no	0	0	single_marker	Published backbone.
I14678	3	G-PF3147	G-M3308	published	DERIVED	1	0	0	0	0	0	0	yes	no	0	0	single_marker	Published backbone.
I14678	4	G-PF3148	G-PF3147	published	NOCALL	0	0	0	1	0	0	0	yes	no	0	0	-	Published backbone.
I14678	5	G-PF3177	G-PF3148	published	NOCALL	0	0	0	1	0	0	0	yes	no	0	0	-	Published backbone.
I14678	6	G-L91	G-PF3177	published	DERIVED	1	1	0	0	0	0	0	yes	no	0	0	single_marker	Published backbone. Transversion, so damage-immune; Family A pool 12 of 13 reads derived.
I14678	7	G-Z6488	G-L91	published	NOCALL	0	0	0	1	0	0	0	yes	no	0	0	-	Published backbone.
I14678	8	G-PF3239	G-Z6488	published	DERIVED	1	0	0	0	1	0	0	yes	yes	0	0	single_marker	Deepest node the three Sardinians (I14677, I14678, I15942) reach: their own SNP-positive fields stop here and they are ancestral at L166 on 21 reads. FTDNA G-PF3239 block walk resolved 22 of 24 names derived in the Iceman.
I14678	9	G-Z6219	G-PF3239	provisional	ANCESTRAL	0	0	2	0	1	1	1	no	no	0	0	-	Splits the YFull L166 block upward. 25 derived reads at Z6219 and zero ancestral across Oberbipp (10) plus Aesch and Muttenz (15), in the same men who are ancestral at L166 on 59 reads (14 Oberbipp, 45 Aesch/Muttenz) with zero derived; Iceman and I5118 derived at both Z6219 and L166. FGC5671 co-segregates (Iceman 7/0, Sardinians ancestral). Z6219 is C>T, so the derived direction is damage-exposed and was cleared per-read; the ancestral L166/L167 calls are transversions and cannot be damage. Registered in PREREG_Z6219_node.md, confirmed by Test C at a second and third site. The Z6135/Z6209 equivalents are a post-hoc scan result, unregistered, and carry no weight.
I14678	10	G-L166	G-Z6219	published	ANCESTRAL	0	0	2	0	0	4	10	no	no	0	0	-	Terminal placement of the Iceman. He and I5118 (Hungary, 3300-3000 BCE) are derived at both transversions; Oberbipp, Aesch and Muttenz are ancestral at both. The node itself is published and uncontested -- what is new is its parent and its children. Equivalents are YFull block members no sample here orders against L166: Z6134 is bracketed (ancestral in Aesch, derived in the Iceman) so it arose somewhere between Z6219 and L166, and the rest are untested or uncovered. L166, L167, Z6208 and Z1370 are allele-biased for mappability, so derived counts at them are lower bounds.
I14678	11	G-Z6208	G-L166	refuted	NOCALL	0	0	0	1	0	0	0	no	no	0	0	-	The published Iceman label G2a2a1a2a1a1b (G-Z6208*) treats Z6208 as a node below L166. It is not one: YBrowse/YFull give yfull_node=G-L166, ISOGG's own longhand carries the provisional tilde (G2a2a1a2a1a1b~), and no ancient sample orders it -- zero reads across all 15 Oberbipp and all 15 Aesch/Muttenz libraries. The Iceman is derived at Z6208 (DP 9) and that is all the marker says; a derived SNP was read as a terminal placement, one node too deep.
I14678	11	G-Z6494	G-L166	published	ANCESTRAL	0	0	1	2	0	0	0	no	no	0	0	-	Sibling branch below L166. The Iceman is ancestral at all three (Z6494 DP 10), so his line is not on it. Kept as the exclusion control; see markers/Z6494_exclusion.txt.
I14678	12	G-Z6211	G-Z6494	published	NOCALL	0	0	0	0	0	0	0	no	no	0	0	-	One node further down the sibling branch (yfull_node=G-Z6211 for all three in resources/marker_index.tsv.gz). The Iceman is ancestral at all three, which follows from his being ancestral at G-Z6494 and adds nothing; it is here so those markers resolve rather than being reported as unknown.
I14678	11	G-Z6499	G-L166	provisional	NOCALL	0	0	0	1	0	0	0	no	no	0	0	-	Splits the L166 block downward, onto the branch leading to the modern testers the block was built from. Iceman ancestral 10 of 10 at a C>T site, so an ancestral C cannot be deamination; NM=0 on every read, MAPQ 55-60, 0% MQ0, mappability 1.000 at both alleles at 60 and 100 bp with six of the ten reads in that stratum. MX213 and I14677 contribute 1 ancestral read each. Below-versus-parallel rests on parsimony alone: no sample derived at Z6499 and ancestral at L166 has been sought, and its relation to G-Z6494 is unresolved.
I15942	0	G-P287	-	published	DERIVED	1	1	0	0	0	0	0	yes	no	0	0	single_marker	Published backbone. Derived in every G2a cohort tested here.
I15942	1	G-P15	G-P287	published	NOCALL	0	0	0	1	0	0	0	yes	no	0	0	-	Published backbone.
I15942	2	G-M3308	G-P15	published	NOCALL	0	0	0	1	0	0	0	yes	no	0	0	-	Published backbone.
I15942	3	G-PF3147	G-M3308	published	NOCALL	0	0	0	1	0	0	0	yes	no	0	0	-	Published backbone.
I15942	4	G-PF3148	G-PF3147	published	NOCALL	0	0	0	1	0	0	0	yes	no	0	0	-	Published backbone.
I15942	5	G-PF3177	G-PF3148	published	DERIVED	1	0	0	0	0	0	0	yes	no	0	0	single_marker	Published backbone.
I15942	6	G-L91	G-PF3177	published	DERIVED	1	1	0	0	0	0	0	yes	yes	0	0	single_marker	Published backbone. Transversion, so damage-immune; Family A pool 12 of 13 reads derived.
I15942	7	G-Z6488	G-L91	published	NOCALL	0	0	0	1	0	0	0	no	no	0	0	-	Published backbone.
I15942	8	G-PF3239	G-Z6488	published	NOCALL	0	0	0	1	0	0	1	no	no	0	1	-	Deepest node the three Sardinians (I14677, I14678, I15942) reach: their own SNP-positive fields stop here and they are ancestral at L166 on 21 reads. FTDNA G-PF3239 block walk resolved 22 of 24 names derived in the Iceman.
I15942	9	G-Z6219	G-PF3239	provisional	ANCESTRAL	0	0	1	1	0	0	2	no	no	1	0	-	Splits the YFull L166 block upward. 25 derived reads at Z6219 and zero ancestral across Oberbipp (10) plus Aesch and Muttenz (15), in the same men who are ancestral at L166 on 59 reads (14 Oberbipp, 45 Aesch/Muttenz) with zero derived; Iceman and I5118 derived at both Z6219 and L166. FGC5671 co-segregates (Iceman 7/0, Sardinians ancestral). Z6219 is C>T, so the derived direction is damage-exposed and was cleared per-read; the ancestral L166/L167 calls are transversions and cannot be damage. Registered in PREREG_Z6219_node.md, confirmed by Test C at a second and third site. The Z6135/Z6209 equivalents are a post-hoc scan result, unregistered, and carry no weight.
I15942	10	G-L166	G-Z6219	published	ANCESTRAL	0	0	1	1	0	0	14	no	no	1	0	-	Terminal placement of the Iceman. He and I5118 (Hungary, 3300-3000 BCE) are derived at both transversions; Oberbipp, Aesch and Muttenz are ancestral at both. The node itself is published and uncontested -- what is new is its parent and its children. Equivalents are YFull block members no sample here orders against L166: Z6134 is bracketed (ancestral in Aesch, derived in the Iceman) so it arose somewhere between Z6219 and L166, and the rest are untested or uncovered. L166, L167, Z6208 and Z1370 are allele-biased for mappability, so derived counts at them are lower bounds.
I15942	11	G-Z6208	G-L166	refuted	NOCALL	0	0	0	1	0	0	0	no	no	0	0	-	The published Iceman label G2a2a1a2a1a1b (G-Z6208*) treats Z6208 as a node below L166. It is not one: YBrowse/YFull give yfull_node=G-L166, ISOGG's own longhand carries the provisional tilde (G2a2a1a2a1a1b~), and no ancient sample orders it -- zero reads across all 15 Oberbipp and all 15 Aesch/Muttenz libraries. The Iceman is derived at Z6208 (DP 9) and that is all the marker says; a derived SNP was read as a terminal placement, one node too deep.
I15942	11	G-Z6494	G-L166	published	NOCALL	0	0	0	3	0	0	0	no	no	0	0	-	Sibling branch below L166. The Iceman is ancestral at all three (Z6494 DP 10), so his line is not on it. Kept as the exclusion control; see markers/Z6494_exclusion.txt.
I15942	12	G-Z6211	G-Z6494	published	NOCALL	0	0	0	0	0	0	0	no	no	0	0	-	One node further down the sibling branch (yfull_node=G-Z6211 for all three in resources/marker_index.tsv.gz). The Iceman is ancestral at all three, which follows from his being ancestral at G-Z6494 and adds nothing; it is here so those markers resolve rather than being reported as unknown.
I15942	11	G-Z6499	G-L166	provisional	NOCALL	0	0	0	1	0	0	0	no	no	0	0	-	Splits the L166 block downward, onto the branch leading to the modern testers the block was built from. Iceman ancestral 10 of 10 at a C>T site, so an ancestral C cannot be deamination; NM=0 on every read, MAPQ 55-60, 0% MQ0, mappability 1.000 at both alleles at 60 and 100 bp with six of the ten reads in that stratum. MX213 and I14677 contribute 1 ancestral read each. Below-versus-parallel rests on parsimony alone: no sample derived at Z6499 and ancestral at L166 has been sought, and its relation to G-Z6494 is unresolved.
I5118	0	G-P287	-	published	NOCALL	0	0	0	1	0	0	0	yes	no	0	0	-	Published backbone. Derived in every G2a cohort tested here.
I5118	1	G-P15	G-P287	published	DERIVED	1	0	0	0	0	0	0	yes	no	0	0	single_marker	Published backbone.
I5118	2	G-M3308	G-P15	published	DERIVED	1	1	0	0	0	0	0	yes	no	0	0	single_marker	Published backbone.
I5118	3	G-PF3147	G-M3308	published	DERIVED	1	0	0	0	0	0	0	yes	no	0	0	single_marker	Published backbone.
I5118	4	G-PF3148	G-PF3147	published	NOCALL	0	0	0	1	0	0	0	yes	no	0	0	-	Published backbone.
I5118	5	G-PF3177	G-PF3148	published	NOCALL	0	0	0	1	0	0	0	yes	no	0	0	-	Published backbone.
I5118	6	G-L91	G-PF3177	published	DERIVED	1	1	0	0	0	0	0	yes	no	0	0	single_marker	Published backbone. Transversion, so damage-immune; Family A pool 12 of 13 reads derived.
I5118	7	G-Z6488	G-L91	published	NOCALL	0	0	0	1	0	0	0	yes	no	0	0	-	Published backbone.
I5118	8	G-PF3239	G-Z6488	published	DERIVED	1	0	0	0	1	0	0	yes	no	0	0	single_marker	Deepest node the three Sardinians (I14677, I14678, I15942) reach: their own SNP-positive fields stop here and they are ancestral at L166 on 21 reads. FTDNA G-PF3239 block walk resolved 22 of 24 names derived in the Iceman.
I5118	9	G-Z6219	G-PF3239	provisional	NOCALL	0	0	0	2	0	0	2	yes	no	0	1	-	Splits the YFull L166 block upward. 25 derived reads at Z6219 and zero ancestral across Oberbipp (10) plus Aesch and Muttenz (15), in the same men who are ancestral at L166 on 59 reads (14 Oberbipp, 45 Aesch/Muttenz) with zero derived; Iceman and I5118 derived at both Z6219 and L166. FGC5671 co-segregates (Iceman 7/0, Sardinians ancestral). Z6219 is C>T, so the derived direction is damage-exposed and was cleared per-read; the ancestral L166/L167 calls are transversions and cannot be damage. Registered in PREREG_Z6219_node.md, confirmed by Test C at a second and third site. The Z6135/Z6209 equivalents are a post-hoc scan result, unregistered, and carry no weight.
I5118	10	G-L166	G-Z6219	published	DERIVED	1	1	0	1	2	0	12	yes	yes	0	0	single_marker	Terminal placement of the Iceman. He and I5118 (Hungary, 3300-3000 BCE) are derived at both transversions; Oberbipp, Aesch and Muttenz are ancestral at both. The node itself is published and uncontested -- what is new is its parent and its children. Equivalents are YFull block members no sample here orders against L166: Z6134 is bracketed (ancestral in Aesch, derived in the Iceman) so it arose somewhere between Z6219 and L166, and the rest are untested or uncovered. L166, L167, Z6208 and Z1370 are allele-biased for mappability, so derived counts at them are lower bounds.
I5118	11	G-Z6208	G-L166	refuted	NOCALL	0	0	0	1	0	0	0	no	no	0	0	-	The published Iceman label G2a2a1a2a1a1b (G-Z6208*) treats Z6208 as a node below L166. It is not one: YBrowse/YFull give yfull_node=G-L166, ISOGG's own longhand carries the provisional tilde (G2a2a1a2a1a1b~), and no ancient sample orders it -- zero reads across all 15 Oberbipp and all 15 Aesch/Muttenz libraries. The Iceman is derived at Z6208 (DP 9) and that is all the marker says; a derived SNP was read as a terminal placement, one node too deep.
I5118	11	G-Z6494	G-L166	published	NOCALL	0	0	0	3	0	0	0	no	no	0	1	-	Sibling branch below L166. The Iceman is ancestral at all three (Z6494 DP 10), so his line is not on it. Kept as the exclusion control; see markers/Z6494_exclusion.txt.
I5118	12	G-Z6211	G-Z6494	published	NOCALL	0	0	0	0	0	0	0	no	no	0	0	-	One node further down the sibling branch (yfull_node=G-Z6211 for all three in resources/marker_index.tsv.gz). The Iceman is ancestral at all three, which follows from his being ancestral at G-Z6494 and adds nothing; it is here so those markers resolve rather than being reported as unknown.
I5118	11	G-Z6499	G-L166	provisional	NOCALL	0	0	0	1	0	0	0	no	no	0	0	-	Splits the L166 block downward, onto the branch leading to the modern testers the block was built from. Iceman ancestral 10 of 10 at a C>T site, so an ancestral C cannot be deamination; NM=0 on every read, MAPQ 55-60, 0% MQ0, mappability 1.000 at both alleles at 60 and 100 bp with six of the ten reads in that stratum. MX213 and I14677 contribute 1 ancestral read each. Below-versus-parallel rests on parsimony alone: no sample derived at Z6499 and ancestral at L166 has been sought, and its relation to G-Z6494 is unresolved.
UNTA58_68Sk1	0	G-P287	-	published	NOCALL	0	0	0	1	0	0	0	no	no	0	0	-	Published backbone. Derived in every G2a cohort tested here.
UNTA58_68Sk1	1	G-P15	G-P287	published	NOCALL	0	0	0	1	0	0	0	no	no	0	0	-	Published backbone.
UNTA58_68Sk1	2	G-M3308	G-P15	published	NOCALL	0	0	0	1	0	0	0	no	no	0	0	-	Published backbone.
UNTA58_68Sk1	3	G-PF3147	G-M3308	published	NOCALL	0	0	0	1	0	0	0	no	no	0	0	-	Published backbone.
UNTA58_68Sk1	4	G-PF3148	G-PF3147	published	NOCALL	0	0	0	1	0	0	0	no	no	0	0	-	Published backbone.
UNTA58_68Sk1	5	G-PF3177	G-PF3148	published	NOCALL	0	0	0	1	0	0	0	no	no	0	0	-	Published backbone.
UNTA58_68Sk1	6	G-L91	G-PF3177	published	NOCALL	0	0	0	1	0	0	0	no	no	0	0	-	Published backbone. Transversion, so damage-immune; Family A pool 12 of 13 reads derived.
UNTA58_68Sk1	7	G-Z6488	G-L91	published	NOCALL	0	0	0	1	0	0	0	no	no	0	0	-	Published backbone.
UNTA58_68Sk1	8	G-PF3239	G-Z6488	published	NOCALL	0	0	0	1	0	0	1	no	no	0	1	-	Deepest node the three Sardinians (I14677, I14678, I15942) reach: their own SNP-positive fields stop here and they are ancestral at L166 on 21 reads. FTDNA G-PF3239 block walk resolved 22 of 24 names derived in the Iceman.
UNTA58_68Sk1	9	G-Z6219	G-PF3239	provisional	NOCALL	0	0	0	2	0	0	2	no	no	0	0	-	Splits the YFull L166 block upward. 25 derived reads at Z6219 and zero ancestral across Oberbipp (10) plus Aesch and Muttenz (15), in the same men who are ancestral at L166 on 59 reads (14 Oberbipp, 45 Aesch/Muttenz) with zero derived; Iceman and I5118 derived at both Z6219 and L166. FGC5671 co-segregates (Iceman 7/0, Sardinians ancestral). Z6219 is C>T, so the derived direction is damage-exposed and was cleared per-read; the ancestral L166/L167 calls are transversions and cannot be damage. Registered in PREREG_Z6219_node.md, confirmed by Test C at a second and third site. The Z6135/Z6209 equivalents are a post-hoc scan result, unregistered, and carry no weight.
UNTA58_68Sk1	10	G-L166	G-Z6219	published	NOCALL	0	0	0	2	0	0	14	no	no	0	0	-	Terminal placement of the Iceman. He and I5118 (Hungary, 3300-3000 BCE) are derived at both transversions; Oberbipp, Aesch and Muttenz are ancestral at both. The node itself is published and uncontested -- what is new is its parent and its children. Equivalents are YFull block members no sample here orders against L166: Z6134 is bracketed (ancestral in Aesch, derived in the Iceman) so it arose somewhere between Z6219 and L166, and the rest are untested or uncovered. L166, L167, Z6208 and Z1370 are allele-biased for mappability, so derived counts at them are lower bounds.
UNTA58_68Sk1	11	G-Z6208	G-L166	refuted	NOCALL	0	0	0	1	0	0	0	no	no	0	0	-	The published Iceman label G2a2a1a2a1a1b (G-Z6208*) treats Z6208 as a node below L166. It is not one: YBrowse/YFull give yfull_node=G-L166, ISOGG's own longhand carries the provisional tilde (G2a2a1a2a1a1b~), and no ancient sample orders it -- zero reads across all 15 Oberbipp and all 15 Aesch/Muttenz libraries. The Iceman is derived at Z6208 (DP 9) and that is all the marker says; a derived SNP was read as a terminal placement, one node too deep.
UNTA58_68Sk1	11	G-Z6494	G-L166	published	NOCALL	0	0	0	3	0	0	0	no	no	1	0	-	Sibling branch below L166. The Iceman is ancestral at all three (Z6494 DP 10), so his line is not on it. Kept as the exclusion control; see markers/Z6494_exclusion.txt.
UNTA58_68Sk1	12	G-Z6211	G-Z6494	published	NOCALL	0	0	0	0	0	0	0	no	no	0	0	-	One node further down the sibling branch (yfull_node=G-Z6211 for all three in resources/marker_index.tsv.gz). The Iceman is ancestral at all three, which follows from his being ancestral at G-Z6494 and adds nothing; it is here so those markers resolve rather than being reported as unknown.
UNTA58_68Sk1	11	G-Z6499	G-L166	provisional	NOCALL	0	0	0	1	0	0	0	no	no	0	0	-	Splits the L166 block downward, onto the branch leading to the modern testers the block was built from. Iceman ancestral 10 of 10 at a C>T site, so an ancestral C cannot be deamination; NM=0 on every read, MAPQ 55-60, 0% MQ0, mappability 1.000 at both alleles at 60 and 100 bp with six of the ten reads in that stratum. MX213 and I14677 contribute 1 ancestral read each. Below-versus-parallel rests on parsimony alone: no sample derived at Z6499 and ancestral at L166 has been sought, and its relation to G-Z6494 is unresolved.
