marker	pos	mutation_class	upstream	outgroup	pattern	I5118_call	I15942_call	upstream_detail	outgroup_detail
Z6219	13782251	transition(deamination-prone)	derived	ancestral	splits_with_Z6219	nocall_damage_prone_1read	low_power_1read_ancestral	MX210:0a/4d,MX213:0a/1d,SX10:0a/2d,FamilyA:0a/3d	I14677:4a/0d,I14678:2a/0d
Z6516	19013205	transversion	nocall	nocall	uninformative	no_coverage	no_coverage	MX210:0a/0d,MX213:0a/0d,SX10:0a/0d,FamilyA:0a/0d	I14677:0a/0d,I14678:0a/0d
FGC5721	16280455	transversion	nocall	nocall	uninformative	no_coverage	no_coverage	MX210:0a/0d,MX213:0a/0d,SX10:0a/0d,FamilyA:0a/0d	I14677:0a/0d,I14678:0a/0d
FGC5696	8525805	transversion	nocall	ancestral	uninformative	DERIVED_1read_transversion	no_coverage	MX210:0a/0d,MX213:0a/0d,SX10:0a/0d,FamilyA:0a/0d	I14677:5a/0d,I14678:5a/0d
Z6220	15115629	transversion	nocall	nocall	uninformative	no_coverage	no_coverage	MX210:0a/0d,MX213:0a/0d,SX10:0a/0d,FamilyA:0a/0d	I14677:0a/0d,I14678:0a/0d
FT91632	10756989	transition(deamination-prone)	nocall	nocall	uninformative	no_coverage	no_coverage	MX210:0a/0d,MX213:0a/0d,SX10:0a/0d,FamilyA:0a/0d	I14677:0a/0d,I14678:0a/0d
Z6499	13321379	transition(deamination-prone)	nocall	nocall	uninformative	no_coverage	no_coverage	MX210:0a/0d,MX213:1a/0d,SX10:0a/0d,FamilyA:0a/0d	I14677:1a/0d,I14678:0a/0d
Z6134	6834938	transition(deamination-prone)	nocall	ancestral	uninformative	DERIVED	no_coverage	MX210:1a/0d,MX213:0a/0d,SX10:0a/1d,FamilyA:0a/0d	I14677:0a/1d,I14678:2a/0d
FGC5671	7784648	transition(deamination-prone)	derived	ancestral	splits_with_Z6219	no_coverage	ancestral	MX210:0a/2d,MX213:0a/1d,SX10:0a/1d,FamilyA:0a/1d	I14677:1a/0d,I14678:3a/0d
Z6287	14368999	transition(deamination-prone)	nocall	nocall	uninformative	no_coverage	no_coverage	MX210:0a/0d,MX213:0a/0d,SX10:0a/0d,FamilyA:1a/0d	I14677:0a/0d,I14678:0a/0d
Z6208	13776249	transition(deamination-prone)	nocall	nocall	uninformative	no_coverage	no_coverage	MX210:0a/0d,MX213:0a/0d,SX10:0a/0d,FamilyA:0a/0d	I14677:0a/0d,I14678:0a/0d
Z6209	14364857	transition(deamination-prone)	nocall	nocall	uninformative	no_coverage	no_coverage	MX210:0a/0d,MX213:0a/0d,SX10:0a/0d,FamilyA:0a/1d	I14677:0a/0d,I14678:0a/0d
FGC5672	8656918	transition(deamination-prone)	ancestral	ancestral	stays_with_block	no_coverage	no_coverage	MX210:0a/0d,MX213:0a/0d,SX10:0a/0d,FamilyA:3a/0d	I14677:2a/0d,I14678:0a/0d
FT191098	10874130	transversion	nocall	nocall	uninformative	no_coverage	no_coverage	MX210:0a/0d,MX213:0a/0d,SX10:0a/0d,FamilyA:0a/0d	I14677:0a/0d,I14678:0a/0d
C101821	9575240	transition(deamination-prone)	nocall	nocall	uninformative	no_coverage	no_coverage	MX210:0a/0d,MX213:0a/0d,SX10:0a/0d,FamilyA:0a/0d	I14677:0a/0d,I14678:0a/0d
Z6519	21049898	transversion	nocall	nocall	uninformative	no_coverage	no_coverage	MX210:0a/0d,MX213:0a/0d,SX10:0a/0d,FamilyA:0a/0d	I14677:0a/0d,I14678:0a/0d
Z6135	7657979	transition(deamination-prone)	nocall	ancestral	uninformative	nocall_damage_prone_1read	low_power_1read_ancestral	MX210:0a/1d,MX213:0a/0d,SX10:0a/0d,FamilyA:0a/1d	I14677:4a/0d,I14678:6a/1d
Z6206	12796285	transition(deamination-prone)	nocall	ancestral	uninformative	no_coverage	low_power_1read_ancestral	MX210:0a/0d,MX213:0a/0d,SX10:0a/1d,FamilyA:1a/0d	I14677:2a/0d,I14678:2a/0d
S19530	15208473	transition	nocall	nocall	uninformative	no_coverage	no_coverage	MX210:0a/0d,MX213:0a/0d,SX10:0a/0d,FamilyA:0a/0d	I14677:0a/0d,I14678:0a/0d
L166	21843737	transversion	ancestral	ancestral	stays_with_block	DERIVED_1read_transversion	ancestral	MX210:3a/0d,MX213:3a/0d,SX10:0a/0d,FamilyA:7a/0d	I14677:11a/0d,I14678:8a/0d
L167	21843756	transversion	ancestral	ancestral	stays_with_block	no_coverage	low_power_1read_ancestral	MX210:2a/0d,MX213:1a/0d,SX10:0a/0d,FamilyA:3a/0d	I14677:5a/0d,I14678:5a/0d
Z1370	7943467	transition	nocall	ancestral	uninformative	nocall_1read_transition	no_coverage	MX210:1a/0d,MX213:1a/0d,SX10:0a/0d,FamilyA:0a/0d	I14677:1a/0d,I14678:2a/0d
