marker	pos_hg38	pos_target	anc	der	target_ref_base	status
Z6516	19013205	21175091	T	A	T	ref_ok
FGC5721	16280455	18392335	T	G	T	ref_ok
FGC5696	8525805	8393846	C	A	C	ref_ok
Z6220	15115629	17227509	T	G	T	ref_ok
FT91632	10756989	NA	C	T	NA	unmapped
Z6499	13321379	15433259	C	T	C	ref_ok
Z6134	6834938	6702979	C	T	C	ref_ok
FGC5671	7784648	7652689	G	A	G	ref_ok
Z6287	14368999	16480879	C	T	C	ref_ok
Z6208	13776249	15888129	G	A	G	ref_ok
Z6209	14364857	16476737	G	A	G	ref_ok
FGC5672	8656918	8524959	C	T	C	ref_ok
FT191098	10874130	NA	C	G	NA	unmapped
C101821	9575240	9412849	G	A	G	ref_ok
Z6519	21049898	23211784	T	A	T	ref_ok
Z6135	7657979	7526020	C	T	C	ref_ok
Z6219	13782251	15894131	C	T	C	ref_ok
Z6206	12796285	14908218	G	A	G	ref_ok
S19530	15208473	17320353	T	C	T	ref_ok
L166	21843737	23989884	C	A	C	ref_ok
L167	21843756	23989903	T	A	T	ref_ok
Z1370	7943467	7811508	A	G	A	ref_ok
