marker	chrom_src	pos_src	anc	der	allele	read_len	target	n_reads	n_mapped	n_exact_correct_contig	n_mq_ge_min	frac_recovered	n_mq0	n_offtarget	modal_pos	modal_support	target_ref_base	ref_matches_anc	top_offtarget
FGC5687	chrY	6019771	A	C	anc	45	wholegenome	45	45	16	0	0.000	45	29	6019771	16	A	yes	chrX:22,chr2:2,chr6:2
Z6215	chrY	11965520	T	C	anc	45	wholegenome	45	45	45	35	0.778	0	0	11965520	45	T	yes	-
Z6494	chrY	17131187	G	T	anc	45	wholegenome	45	45	45	41	0.911	0	0	17131187	45	G	yes	-
FGC5696	chrY	8525805	C	A	anc	45	wholegenome	45	45	45	39	0.867	0	0	8525805	45	C	yes	-
Z6208	chrY	13776249	G	A	anc	45	wholegenome	45	45	45	42	0.933	0	0	13776249	45	G	yes	-
Z6219	chrY	13782251	C	T	anc	45	wholegenome	45	45	45	45	1.000	0	0	13782251	45	C	yes	-
Z6287	chrY	14368999	C	T	anc	45	wholegenome	45	45	45	45	1.000	0	0	14368999	45	C	yes	-
S19530	chrY	15208473	T	C	anc	45	wholegenome	45	45	45	45	1.000	0	0	15208473	45	T	yes	-
FGC5721	chrY	16280455	T	G	anc	45	wholegenome	45	45	45	45	1.000	0	0	16280455	45	T	yes	-
Z6516	chrY	19013205	T	A	anc	45	wholegenome	45	45	45	45	1.000	0	0	19013205	45	T	yes	-
L166	chrY	21843737	C	A	anc	45	wholegenome	45	45	45	43	0.956	0	0	21843737	45	C	yes	-
L167	chrY	21843756	T	A	anc	45	wholegenome	45	45	45	45	1.000	0	0	21843756	45	T	yes	-
FGC5687	chrY	6019771	A	C	anc	45	chrYonly	45	45	45	45	1.000	0	0	6019771	45	A	yes	-
Z6215	chrY	11965520	T	C	anc	45	chrYonly	45	45	45	45	1.000	0	0	11965520	45	T	yes	-
Z6494	chrY	17131187	G	T	anc	45	chrYonly	45	45	45	41	0.911	0	0	17131187	45	G	yes	-
FGC5696	chrY	8525805	C	A	anc	45	chrYonly	45	45	45	39	0.867	0	0	8525805	45	C	yes	-
Z6208	chrY	13776249	G	A	anc	45	chrYonly	45	45	45	45	1.000	0	0	13776249	45	G	yes	-
Z6219	chrY	13782251	C	T	anc	45	chrYonly	45	45	45	45	1.000	0	0	13782251	45	C	yes	-
Z6287	chrY	14368999	C	T	anc	45	chrYonly	45	45	45	45	1.000	0	0	14368999	45	C	yes	-
S19530	chrY	15208473	T	C	anc	45	chrYonly	45	45	45	45	1.000	0	0	15208473	45	T	yes	-
FGC5721	chrY	16280455	T	G	anc	45	chrYonly	45	45	45	45	1.000	0	0	16280455	45	T	yes	-
Z6516	chrY	19013205	T	A	anc	45	chrYonly	45	45	45	45	1.000	0	0	19013205	45	T	yes	-
L166	chrY	21843737	C	A	anc	45	chrYonly	45	45	45	43	0.956	0	0	21843737	45	C	yes	-
L167	chrY	21843756	T	A	anc	45	chrYonly	45	45	45	45	1.000	0	0	21843756	45	T	yes	-
