chrY	6770118	G	A	transition
chrY	7885869	T	A	TRANSVERSION
chrY	7899558	A	G	transition
chrY	8808031	C	T	transition
chrY	10609981	A	T	TRANSVERSION
chrY	10768171	G	A	transition
chrY	10964462	T	C	transition
chrY	10990649	G	A	transition
chrY	10996925	C	A	TRANSVERSION
chrY	11176570	G	C	TRANSVERSION
chrY	11401880	A	G	transition
chrY	11401881	C	T	transition
chrY	11414525	T	C	transition
chrY	11546030	G	C	TRANSVERSION
chrY	11554430	G	A	transition
chrY	11578588	G	T	TRANSVERSION
chrY	11667647	T	C	transition
chrY	13414189	C	G	TRANSVERSION
chrY	19647870	C	T	transition
chrY	20327833	G	T	TRANSVERSION
chrY	26660745	G	T	TRANSVERSION
