sample	chrom	pos	anc	der	mut_class	dp	n_anc	n_der	n_other	fwd	rev	n_reads	pct_mq0	n_mq60	call	site_qc	region
Iceman	chrY	6770118	G	A	transition	4	0	4	0	1	3	13	69%	3	DERIVED	REJECT_mapq(69%_MQ0)	ok
Iceman	chrY	7885869	T	A	TRANSVERSION	9	0	9	0	5	4	10	0%	10	DERIVED	pass	ok
Iceman	chrY	7899558	A	G	transition	9	0	9	0	5	4	9	0%	9	DERIVED	pass	ok
Iceman	chrY	8808031	C	T	transition	6	0	6	0	4	2	7	14%	5	DERIVED	pass	ok
Iceman	chrY	10609981	A	T	TRANSVERSION	7	0	7	0	4	3	23	39%	0	DERIVED	REJECT_mapq(39%_MQ0)	ok
Iceman	chrY	10768171	G	A	transition	4	0	4	0	1	3	8	12%	2	DERIVED	pass	ok
Iceman	chrY	10964462	T	C	transition	9	0	9	0	3	6	14	0%	3	DERIVED	pass	ok
Iceman	chrY	10990649	G	A	transition	18	0	18	0	10	8	25	0%	0	DERIVED	MARGINAL_no_MQ60_reads	ok
Iceman	chrY	10996925	C	A	TRANSVERSION	5	0	5	0	2	3	9	0%	0	DERIVED	MARGINAL_no_MQ60_reads	ok
Iceman	chrY	11176570	G	C	TRANSVERSION	9	0	9	0	5	4	44	70%	0	DERIVED	REJECT_mapq(70%_MQ0)	nogo(11.1-11.7Mb)
Iceman	chrY	11401880	A	G	transition	8	0	8	0	4	4	16	44%	0	DERIVED	REJECT_mapq(44%_MQ0)	nogo(11.1-11.7Mb)
Iceman	chrY	11401881	C	T	transition	8	0	8	0	4	4	16	44%	0	DERIVED	REJECT_mapq(44%_MQ0)	nogo(11.1-11.7Mb)
Iceman	chrY	11414525	T	C	transition	12	0	12	0	5	7	14	7%	1	DERIVED	pass	nogo(11.1-11.7Mb)
Iceman	chrY	11546030	G	C	TRANSVERSION	4	0	4	0	2	2	60	83%	0	DERIVED	REJECT_mapq(83%_MQ0)	nogo(11.1-11.7Mb)
Iceman	chrY	11554430	G	A	transition	12	1	11	0	7	5	241	84%	1	MIXED_check_paralogy	REJECT_mapq(84%_MQ0)	nogo(11.1-11.7Mb)
Iceman	chrY	11578588	G	T	TRANSVERSION	9	0	9	0	3	6	49	78%	0	DERIVED	REJECT_mapq(78%_MQ0)	nogo(11.1-11.7Mb)
Iceman	chrY	11667647	T	C	transition	9	0	9	0	2	7	9	0%	8	DERIVED	pass	nogo(11.1-11.7Mb)
Iceman	chrY	13414189	C	G	TRANSVERSION	5	0	5	0	0	5	5	0%	5	DERIVED	MARGINAL_single_strand	ok
Iceman	chrY	19647870	C	T	transition	5	0	5	0	3	2	5	0%	5	DERIVED	pass	ok
Iceman	chrY	20327833	G	T	TRANSVERSION	5	0	5	0	5	0	9	44%	4	DERIVED	REJECT_mapq(44%_MQ0)	ok
Iceman	chrY	26660745	G	T	TRANSVERSION	7	0	7	0	5	2	67	88%	4	DERIVED	REJECT_mapq(88%_MQ0)	nogo(~26.6Mb)
